,Countrycode,Instagram,Facebook,Twitter,LinkedIn
0,BA,0.11,99.17,0.45,
1,TD,0.03,84.36,2.73,0.03
2,SC,0.81,55.07,5.49,0.1
3,MY,1.22,86.06,2.33,0.05
4,NA,1.43,49.64,11.14,0.23
5,KH,0.67,61.23,5.73,0.44
6,RU,10.87,14.78,14.07,0.18
7,GH,0.94,58.55,21.52,0.12
8,MQ,0.82,66.54,4.54,0.06
9,NI,0.38,68.01,2.65,0.05
10,SK,1.04,77.4,2.96,0.14
11,PS,0.8,82.42,3.79,0.04
12,TL,0.01,98.89,0.08,
13,BI,0.33,84.84,3.75,0.04
14,UZ,4.92,34.37,6.27,0.2
15,LT,2.51,69.05,2.92,0.17
16,DK,1.92,60.79,6.43,0.52
17,HK,2.35,51.66,17.74,0.68
18,CL,4.92,67.06,5.3,0.14
19,NZ,1.47,55.19,15.92,0.31
20,BZ,0.56,64.15,3.29,0.11
21,JE,0.52,74.01,12.49,0.18
22,CD,1.43,89.2,2.31,0.03
23,UA,7.24,64.75,4.6,0.28
24,AN,,,,
25,BR,3.83,61.17,11.86,0.09
26,JM,4.18,47.49,7.21,0.18
27,TW,1.72,75.54,6.12,0.15
28,PH,0.37,81.45,4.86,0.07
29,FM,0.0,64.35,8.83,0.0
30,NR,0.39,77.17,1.97,0.39
31,ER,1.68,76.75,6.58,0.03
32,NU,0.0,0.0,0.0,
33,MM,0.04,96.08,0.65,0.06
34,FJ,2.16,68.09,5.53,0.08
35,AM,3.03,46.77,4.64,0.45
36,IR,38.44,11.17,2.9,0.71
37,AE,1.7,77.2,8.62,0.81
38,ME,1.56,88.63,3.08,0.04
39,PG,0.7,64.03,7.65,2.13
40,CK,0.43,75.22,3.45,0.22
41,GT,1.36,72.58,3.42,0.05
42,LS,0.54,60.96,11.88,0.07
43,VE,1.57,32.07,32.81,0.05
44,KG,6.13,36.78,5.17,0.27
45,CX,,0.0,0.0,0.0
46,GG,0.67,54.3,23.05,0.52
47,TK,0.0,88.89,,
48,WS,0.32,64.07,3.39,0.05
49,BN,3.44,31.42,5.83,0.16
50,MV,0.76,74.35,7.65,0.81
51,PT,2.08,76.11,3.32,0.19
52,SL,0.73,73.24,8.73,0.27
53,ZM,1.19,59.09,15.13,0.09
54,SD,0.32,71.32,7.99,0.62
55,NF,0.0,81.03,0.0,0.0
56,BF,0.22,93.27,2.31,0.04
57,TC,1.7,60.96,13.44,0.25
58,PY,0.39,96.93,0.63,
59,SA,1.37,80.82,10.64,0.41
60,NC,0.24,75.76,4.15,0.12
61,ID,6.44,53.63,5.18,0.04
62,RW,1.5,50.91,30.56,0.28
63,CU,0.36,75.66,2.44,0.04
64,HR,1.25,76.27,11.33,0.08
65,TN,0.25,87.75,4.93,0.15
66,AS,0.53,67.86,8.19,0.0
67,IL,3.07,65.43,8.28,0.34
68,MS,0.0,59.26,11.11,0.0
69,SI,0.56,82.65,6.3,0.04
70,DZ,0.92,49.42,8.76,0.08
71,CN,0.81,4.74,6.57,2.1
72,LV,2.78,65.63,12.97,0.35
73,GQ,2.27,72.19,2.58,0.18
74,SZ,1.54,55.08,12.79,0.15
75,GY,0.93,60.54,2.99,0.18
76,KY,4.09,37.06,22.2,0.67
77,CF,0.08,89.73,4.7,0.04
78,SR,1.21,50.15,3.17,0.26
79,NP,0.67,88.58,2.21,0.45
80,FO,0.21,96.87,0.61,0.02
81,MH,0.0,72.1,13.54,0.0
82,JO,0.43,91.49,1.28,0.16
83,BW,0.89,42.89,8.54,0.22
84,AO,0.72,80.09,2.37,0.15
85,TR,26.41,41.64,5.97,0.14
86,PM,0.0,82.5,1.53,0.0
87,MO,0.77,69.39,11.44,0.83
88,UY,7.18,78.23,3.06,0.04
89,LY,0.53,76.19,11.3,0.03
90,MG,0.22,64.97,4.78,0.42
91,PE,1.31,68.04,2.56,0.07
92,TZ,28.83,34.08,2.6,0.3
93,AG,1.16,77.1,3.9,0.17
94,CI,0.81,88.42,2.12,0.15
95,HN,0.97,58.96,3.72,0.1
96,LB,2.42,70.06,4.5,0.27
97,GE,2.26,76.72,2.24,0.24
98,VG,0.33,70.96,3.43,0.21
99,CZ,1.97,43.95,6.86,0.23
100,KE,2.46,37.81,27.87,0.4
101,MT,0.48,81.81,3.43,0.22
102,NL,2.73,54.64,10.14,0.71
103,SN,0.23,96.58,1.76,0.03
104,AT,0.93,77.05,4.15,0.1
105,HU,0.2,89.72,2.33,0.04
106,CR,1.5,66.8,4.14,0.08
107,KM,0.05,91.92,1.19,0.0
108,GM,0.45,89.27,4.25,0.0
109,BD,0.13,94.88,0.62,0.45
110,EC,2.14,60.04,4.31,0.06
111,VN,0.4,44.18,5.42,0.22
112,HT,0.87,85.08,2.91,0.02
113,LK,0.84,65.85,5.05,0.21
114,GL,1.11,56.85,6.67,0.07
115,BE,1.69,56.1,6.04,0.22
116,NE,0.2,82.53,6.56,0.1
117,SG,4.21,54.38,12.84,0.91
118,QA,3.64,71.15,7.7,0.81
119,LC,0.75,81.1,2.99,0.11
120,GD,1.96,64.21,6.51,
121,PW,0.74,69.76,9.73,0.0
122,SO,0.6,78.55,4.22,0.04
123,FR,2.19,70.66,5.09,0.3
124,MU,0.38,84.79,2.02,0.12
125,AU,1.72,60.93,13.16,0.55
126,BM,1.52,46.95,9.65,0.44
127,TH,0.2,68.49,14.11,0.29
128,AF,0.58,80.7,7.08,0.34
129,DO,0.45,90.74,1.22,0.06
130,GW,0.05,95.18,0.9,0.0
131,KW,1.41,84.83,7.65,0.65
132,CH,1.65,59.39,10.0,0.6
133,VU,0.6,66.7,3.87,0.09
134,an,0.0,25.0,25.0,0.0
135,IQ,1.5,24.62,25.07,0.03
136,MN,0.15,74.54,2.88,0.1
137,FI,4.84,41.21,14.05,0.65
138,PL,0.46,75.51,6.3,0.12
139,ST,0.31,87.26,0.82,0.0
140,YE,0.46,62.38,7.73,0.01
141,RE,0.44,68.92,2.78,0.16
142,CG,0.32,92.59,2.06,0.09
143,PK,0.82,88.96,6.51,0.02
144,TT,1.46,58.23,4.73,0.08
145,AI,1.19,71.04,6.22,0.25
146,CO,2.78,68.11,3.75,0.07
147,KP,0.0,100.0,0.0,
148,GP,0.85,61.25,4.2,0.08
149,BG,0.28,96.96,0.41,0.02
150,BY,9.18,13.92,8.25,0.58
151,MA,0.83,40.06,17.91,2.16
152,IM,1.44,56.05,15.85,1.08
153,BJ,0.38,80.95,5.1,0.08
154,AR,4.93,83.66,2.45,0.02
155,TO,0.16,89.6,1.44,0.0
156,SH,0.0,0.0,0.0,
157,MR,0.11,84.57,2.89,0.03
158,VA,0.0,72.46,24.64,0.0
159,UY,7.18,78.23,3.06,0.04
160,ZA,1.07,38.76,12.64,0.26
161,MZ,1.26,94.55,0.75,0.02
162,EE,4.17,56.7,8.59,0.37
163,TG,0.3,81.3,3.42,0.1
164,IE,0.88,88.74,5.71,0.14
165,BB,3.45,46.85,7.32,0.24
166,AZ,24.69,20.5,5.58,0.27
167,VI,0.75,56.94,10.26,0.39
168,LI,1.27,67.05,9.16,0.67
169,GN,0.33,84.6,1.7,0.1
170,YT,0.43,65.68,3.33,0.0
171,RS,1.51,85.1,5.6,0.06
172,KN,2.65,57.78,7.86,0.25
173,NG,5.37,45.46,35.17,0.3
174,SE,3.71,77.15,5.98,0.16
175,BG,0.28,96.96,0.41,0.02
176,CY,1.5,82.37,4.31,1.26
177,LA,1.15,69.62,9.49,0.11
178,GF,0.89,54.89,4.7,0.14
179,BO,0.82,81.69,0.97,0.01
180,JP,3.37,18.03,47.88,0.41
181,AW,0.59,87.93,2.33,0.05
182,TJ,5.7,61.45,4.42,0.24
183,SM,1.83,59.48,9.15,0.08
184,MW,0.52,39.07,22.04,0.25
185,NO,3.05,59.53,7.18,0.2
186,EH,0.0,66.67,13.33,0.0
187,AD,1.45,75.35,6.4,0.29
188,PF,0.31,65.58,4.05,0.1
189,MD,1.71,74.49,2.13,0.39
190,ZW,1.37,30.8,22.63,0.21
191,GU,1.81,34.91,7.66,0.15
192,LR,0.56,80.31,5.46,0.16
193,DM,1.05,64.71,4.27,0.11
194,ML,0.76,93.02,2.05,0.06
195,FK,1.79,55.95,21.43,0.6
196,ES,4.55,78.6,7.28,0.14
197,SV,1.55,64.96,7.18,0.07
198,PN,,0.0,,
199,IS,1.24,67.95,8.42,0.14
200,BT,1.17,80.16,3.08,0.42
201,AL,0.8,91.79,1.52,0.13
202,DE,2.45,68.22,5.48,0.35
203,UG,0.94,47.2,19.89,0.37
204,KZ,6.46,15.39,10.02,0.62
205,TV,0.0,89.29,8.04,
206,BS,0.94,78.83,6.59,0.21
207,IT,1.73,78.01,4.92,0.15
208,ET,2.92,56.51,6.69,0.26
209,MK,1.17,94.32,1.39,0.09
210,RO,0.44,94.38,0.52,0.03
211,DJ,0.15,84.53,2.75,0.09
212,OM,4.51,51.18,13.06,6.32
213,LU,1.12,65.64,8.21,0.44
214,GR,2.17,82.52,2.62,0.09
215,KR,0.39,79.9,15.88,0.06
216,CM,0.44,85.56,3.81,0.07
217,PA,5.81,39.37,9.77,0.14
218,SY,0.87,75.14,8.83,0.08
219,MC,1.37,54.44,28.46,1.45
220,WF,0.0,80.0,2.22,0.0
221,PR,1.22,69.76,5.36,0.08
222,MP,1.2,58.38,5.72,0.06
223,BH,2.63,73.56,6.68,0.3
224,TM,2.7,5.41,13.51,0.0
225,GA,0.28,84.06,1.94,0.07
226,VC,1.33,61.78,6.03,0.21
227,AX,2.15,50.12,10.75,0.33
228,EG,0.38,78.15,3.85,0.1
229,MX,0.44,82.24,8.79,0.02
230,SB,0.08,78.6,4.86,0.0
231,KI,0.0,75.0,21.29,0.0
232,CV,0.5,85.1,1.92,0.02
233,GI,1.33,58.35,18.21,0.49
