,Countrycode,latitude,longitude,Country_name,Instagram,Facebook,Twitter,LinkedIn
0,AD,42.546245,1.6015540000000001,Andorra,1.45,75.35,6.4,0.29
1,AE,23.424076,53.847818000000004,United Arab Emirates,1.7,77.2,8.62,0.81
2,AF,33.93911,67.709953,Afghanistan,0.58,80.7,7.08,0.34
3,AG,17.060816,-61.796428000000006,Antigua and Barbuda,1.16,77.1,3.9,0.17
4,AI,18.220554,-63.068615,Anguilla,1.19,71.04,6.22,0.25
5,AL,41.153332,20.168331,Albania,0.8,91.79,1.52,0.13
6,AM,40.069099,45.038189,Armenia,3.03,46.77,4.64,0.45
7,AN,12.226078999999999,-69.060087,Netherlands Antilles,,,,
8,AO,-11.202691999999999,17.873887,Angola,0.72,80.09,2.37,0.15
9,AR,-38.416097,-63.616671999999994,Argentina,4.93,83.66,2.45,0.02
10,AS,-14.270972,-170.132217,American Samoa,0.53,67.86,8.19,0.0
11,AT,47.516231,14.550072,Austria,0.93,77.05,4.15,0.1
12,AU,-25.274398,133.775136,Australia,1.72,60.93,13.16,0.55
13,AW,12.52111,-69.968338,Aruba,0.59,87.93,2.33,0.05
14,AZ,40.143105,47.576927000000005,Azerbaijan,24.69,20.5,5.58,0.27
15,BA,43.915886,17.679076000000002,Bosnia and Herzegovina,0.11,99.17,0.45,
16,BB,13.193887,-59.543198,Barbados,3.45,46.85,7.32,0.24
17,BD,23.684994,90.35633100000001,Bangladesh,0.13,94.88,0.62,0.45
18,BE,50.503887,4.469936,Belgium,1.69,56.1,6.04,0.22
19,BF,12.238333,-1.561593,Burkina Faso,0.22,93.27,2.31,0.04
20,BG,42.733883,25.48583,Bulgaria,0.28,96.96,0.41,0.02
21,BG,42.733883,25.48583,Bulgaria,0.28,96.96,0.41,0.02
22,BH,25.930414000000003,50.637772,Bahrain,2.63,73.56,6.68,0.3
23,BI,-3.3730559999999996,29.918885999999997,Burundi,0.33,84.84,3.75,0.04
24,BJ,9.30769,2.315834,Benin,0.38,80.95,5.1,0.08
25,BM,32.321384,-64.75737,Bermuda,1.52,46.95,9.65,0.44
26,BN,4.535277,114.72766899999999,Brunei,3.44,31.42,5.83,0.16
27,BO,-16.290154,-63.588653,Bolivia,0.82,81.69,0.97,0.01
28,BR,-14.235004,-51.92528,Brazil,3.83,61.17,11.86,0.09
29,BS,25.03428,-77.39628,Bahamas,0.94,78.83,6.59,0.21
30,BT,27.514162,90.433601,Bhutan,1.17,80.16,3.08,0.42
31,BW,-22.328474,24.684866,Botswana,0.89,42.89,8.54,0.22
32,BY,53.709807,27.953389,Belarus,9.18,13.92,8.25,0.58
33,BZ,17.189877,-88.49765,Belize,0.56,64.15,3.29,0.11
34,CD,-4.038333000000001,21.758664000000003,Congo [DRC],1.43,89.2,2.31,0.03
35,CF,6.611111,20.939444,Central African Republic,0.08,89.73,4.7,0.04
36,CG,-0.228021,15.827658999999999,Congo [Republic],0.32,92.59,2.06,0.09
37,CH,46.818188,8.227511999999999,Switzerland,1.65,59.39,10.0,0.6
38,CI,7.539989,-5.54708,Côte d'Ivoire,0.81,88.42,2.12,0.15
39,CK,-21.236735999999997,-159.777671,Cook Islands,0.43,75.22,3.45,0.22
40,CL,-35.675146999999996,-71.542969,Chile,4.92,67.06,5.3,0.14
41,CM,7.369722,12.354722,Cameroon,0.44,85.56,3.81,0.07
42,CN,35.86166,104.195397,China,0.81,4.74,6.57,2.1
43,CO,4.570868,-74.297333,Colombia,2.78,68.11,3.75,0.07
44,CR,9.748917,-83.753428,Costa Rica,1.5,66.8,4.14,0.08
45,CU,21.521757,-77.78116700000001,Cuba,0.36,75.66,2.44,0.04
46,CV,16.002082,-24.013197,Cape Verde,0.5,85.1,1.92,0.02
47,CX,-10.447525,105.690449,Christmas Island,,0.0,0.0,0.0
48,CY,35.126413,33.429859,Cyprus,1.5,82.37,4.31,1.26
49,CZ,49.817492,15.472961999999999,Czech Republic,1.97,43.95,6.86,0.23
50,DE,51.165690999999995,10.451526,Germany,2.45,68.22,5.48,0.35
51,DJ,11.825138,42.590275,Djibouti,0.15,84.53,2.75,0.09
52,DK,56.26392,9.501785,Denmark,1.92,60.79,6.43,0.52
53,DM,15.414999,-61.370976,Dominica,1.05,64.71,4.27,0.11
54,DO,18.735692999999998,-70.162651,Dominican Republic,0.45,90.74,1.22,0.06
55,DZ,28.033886,1.6596259999999998,Algeria,0.92,49.42,8.76,0.08
56,EC,-1.8312389999999998,-78.183406,Ecuador,2.14,60.04,4.31,0.06
57,EE,58.595271999999994,25.013607,Estonia,4.17,56.7,8.59,0.37
58,EG,26.820553000000004,30.802497999999996,Egypt,0.38,78.15,3.85,0.1
59,EH,24.215526999999998,-12.885834,Western Sahara,0.0,66.67,13.33,0.0
60,ER,15.179383999999999,39.782334000000006,Eritrea,1.68,76.75,6.58,0.03
61,ES,40.463667,-3.7492199999999998,Spain,4.55,78.6,7.28,0.14
62,ET,9.145,40.489672999999996,Ethiopia,2.92,56.51,6.69,0.26
63,FI,61.92411,25.748151,Finland,4.84,41.21,14.05,0.65
64,FJ,-16.578193,179.414413,Fiji,2.16,68.09,5.53,0.08
65,FK,-51.796253,-59.523613,Falkland Islands [Islas Malvinas],1.79,55.95,21.43,0.6
66,FM,7.425553999999999,150.550812,Micronesia,0.0,64.35,8.83,0.0
67,FO,61.892635,-6.9118059999999995,Faroe Islands,0.21,96.87,0.61,0.02
68,FR,46.227638,2.213749,France,2.19,70.66,5.09,0.3
69,GA,-0.803689,11.609444,Gabon,0.28,84.06,1.94,0.07
70,GD,12.262775999999999,-61.604170999999994,Grenada,1.96,64.21,6.51,
71,GE,42.315407,43.356891999999995,Georgia,2.26,76.72,2.24,0.24
72,GF,3.9338889999999997,-53.125781999999994,French Guiana,0.89,54.89,4.7,0.14
73,GG,49.465691,-2.5852779999999997,Guernsey,0.67,54.3,23.05,0.52
74,GH,7.946527000000001,-1.0231940000000002,Ghana,0.94,58.55,21.52,0.12
75,GI,36.137741,-5.345374,Gibraltar,1.33,58.35,18.21,0.49
76,GL,71.706936,-42.604303,Greenland,1.11,56.85,6.67,0.07
77,GM,13.443182,-15.310139000000001,Gambia,0.45,89.27,4.25,0.0
78,GN,9.945587,-9.696645,Guinea,0.33,84.6,1.7,0.1
79,GP,16.995971,-62.067641,Guadeloupe,0.85,61.25,4.2,0.08
80,GQ,1.6508009999999997,10.267895,Equatorial Guinea,2.27,72.19,2.58,0.18
81,GR,39.074208,21.824312,Greece,2.17,82.52,2.62,0.09
82,GT,15.783470999999999,-90.23075899999999,Guatemala,1.36,72.58,3.42,0.05
83,GU,13.444304,144.793731,Guam,1.81,34.91,7.66,0.15
84,GW,11.803749,-15.180413,Guinea-Bissau,0.05,95.18,0.9,0.0
85,GY,4.860416000000001,-58.93018000000001,Guyana,0.93,60.54,2.99,0.18
86,HK,22.396428,114.10949699999999,Hong Kong,2.35,51.66,17.74,0.68
87,HN,15.199998999999998,-86.241905,Honduras,0.97,58.96,3.72,0.1
88,HR,45.1,15.2,Croatia,1.25,76.27,11.33,0.08
89,HT,18.971187,-72.28521500000001,Haiti,0.87,85.08,2.91,0.02
90,HU,47.162494,19.503304,Hungary,0.2,89.72,2.33,0.04
91,ID,-0.789275,113.921327,Indonesia,6.44,53.63,5.18,0.04
92,IE,53.41291,-8.243889999999999,Ireland,0.88,88.74,5.71,0.14
93,IL,31.046051000000002,34.851612,Israel,3.07,65.43,8.28,0.34
94,IM,54.236107,-4.548056,Isle of Man,1.44,56.05,15.85,1.08
95,IQ,33.223191,43.679291,Iraq,1.5,24.62,25.07,0.03
96,IR,32.427908,53.68804599999999,Iran,38.44,11.17,2.9,0.71
97,IS,64.96305100000001,-19.020835,Iceland,1.24,67.95,8.42,0.14
98,IT,41.87194,12.56738,Italy,1.73,78.01,4.92,0.15
99,JE,49.214439,-2.13125,Jersey,0.52,74.01,12.49,0.18
100,JM,18.109581,-77.297508,Jamaica,4.18,47.49,7.21,0.18
101,JO,30.585164000000002,36.238414,Jordan,0.43,91.49,1.28,0.16
102,JP,36.204824,138.252924,Japan,3.37,18.03,47.88,0.41
103,KE,-0.023559,37.906193,Kenya,2.46,37.81,27.87,0.4
104,KG,41.20438,74.766098,Kyrgyzstan,6.13,36.78,5.17,0.27
105,KH,12.565679,104.990963,Cambodia,0.67,61.23,5.73,0.44
106,KI,-3.3704169999999998,-168.734039,Kiribati,0.0,75.0,21.29,0.0
107,KM,-11.875001,43.872219,Comoros,0.05,91.92,1.19,0.0
108,KN,17.357822,-62.782998,Saint Kitts and Nevis,2.65,57.78,7.86,0.25
109,KP,40.339852,127.510093,North Korea,0.0,100.0,0.0,
110,KR,35.907757000000004,127.766922,South Korea,0.39,79.9,15.88,0.06
111,KW,29.311659999999996,47.481766,Kuwait,1.41,84.83,7.65,0.65
112,KY,19.513469,-80.566956,Cayman Islands,4.09,37.06,22.2,0.67
113,KZ,48.019573,66.923684,Kazakhstan,6.46,15.39,10.02,0.62
114,LA,19.856270000000002,102.495496,Laos,1.15,69.62,9.49,0.11
115,LB,33.854721000000005,35.862285,Lebanon,2.42,70.06,4.5,0.27
116,LC,13.909444,-60.97889300000001,Saint Lucia,0.75,81.1,2.99,0.11
117,LI,47.166000000000004,9.555373,Liechtenstein,1.27,67.05,9.16,0.67
118,LK,7.873054,80.77179699999999,Sri Lanka,0.84,65.85,5.05,0.21
119,LR,6.4280550000000005,-9.429499,Liberia,0.56,80.31,5.46,0.16
120,LS,-29.609988,28.233608,Lesotho,0.54,60.96,11.88,0.07
121,LT,55.169438,23.881275,Lithuania,2.51,69.05,2.92,0.17
122,LU,49.815273,6.129583,Luxembourg,1.12,65.64,8.21,0.44
123,LV,56.879635,24.603189,Latvia,2.78,65.63,12.97,0.35
124,LY,26.3351,17.228331,Libya,0.53,76.19,11.3,0.03
125,MA,31.791702,-7.09262,Morocco,0.83,40.06,17.91,2.16
126,MC,43.750298,7.412841,Monaco,1.37,54.44,28.46,1.45
127,MD,47.411631,28.369884999999996,Moldova,1.71,74.49,2.13,0.39
128,ME,42.708678000000006,19.37439,Montenegro,1.56,88.63,3.08,0.04
129,MG,-18.766947000000002,46.869107,Madagascar,0.22,64.97,4.78,0.42
130,MH,7.131474000000001,171.184478,Marshall Islands,0.0,72.1,13.54,0.0
131,MK,41.608635,21.745275,Macedonia [FYROM],1.17,94.32,1.39,0.09
132,ML,17.570692,-3.9961660000000006,Mali,0.76,93.02,2.05,0.06
133,MM,21.913965,95.956223,Myanmar [Burma],0.04,96.08,0.65,0.06
134,MN,46.862496,103.84665600000001,Mongolia,0.15,74.54,2.88,0.1
135,MO,22.198745000000002,113.543873,Macau,0.77,69.39,11.44,0.83
136,MP,17.33083,145.38468999999998,Northern Mariana Islands,1.2,58.38,5.72,0.06
137,MQ,14.641528,-61.024174,Martinique,0.82,66.54,4.54,0.06
138,MR,21.00789,-10.940835,Mauritania,0.11,84.57,2.89,0.03
139,MS,16.742498,-62.187366000000004,Montserrat,0.0,59.26,11.11,0.0
140,MT,35.937496,14.375416,Malta,0.48,81.81,3.43,0.22
141,MU,-20.348404000000002,57.552152,Mauritius,0.38,84.79,2.02,0.12
142,MV,3.202778,73.22068,Maldives,0.76,74.35,7.65,0.81
143,MW,-13.254307999999998,34.301525,Malawi,0.52,39.07,22.04,0.25
144,MX,23.634501,-102.552784,Mexico,0.44,82.24,8.79,0.02
145,MY,4.210483999999999,101.97576600000001,Malaysia,1.22,86.06,2.33,0.05
146,MZ,-18.665695,35.529562,Mozambique,1.26,94.55,0.75,0.02
147,NC,-20.904304999999997,165.618042,New Caledonia,0.24,75.76,4.15,0.12
148,NE,17.607789,8.081666,Niger,0.2,82.53,6.56,0.1
149,NF,-29.040834999999998,167.954712,Norfolk Island,0.0,81.03,0.0,0.0
150,NG,9.081999,8.675277000000001,Nigeria,5.37,45.46,35.17,0.3
151,NI,12.865416,-85.207229,Nicaragua,0.38,68.01,2.65,0.05
152,NL,52.132633,5.291266,Netherlands,2.73,54.64,10.14,0.71
153,NO,60.472024,8.468946,Norway,3.05,59.53,7.18,0.2
154,NP,28.394857000000002,84.12400799999999,Nepal,0.67,88.58,2.21,0.45
155,NR,-0.522778,166.931503,Nauru,0.39,77.17,1.97,0.39
156,NU,-19.054445,-169.867233,Niue,0.0,0.0,0.0,
157,NZ,-40.900557,174.88597099999998,New Zealand,1.47,55.19,15.92,0.31
158,OM,21.512583,55.923255000000005,Oman,4.51,51.18,13.06,6.32
159,PA,8.537981,-80.782127,Panama,5.81,39.37,9.77,0.14
160,PE,-9.189967,-75.015152,Peru,1.31,68.04,2.56,0.07
161,PF,-17.679742,-149.40684299999998,French Polynesia,0.31,65.58,4.05,0.1
162,PG,-6.314993,143.95555,Papua New Guinea,0.7,64.03,7.65,2.13
163,PH,12.879721,121.77401699999999,Philippines,0.37,81.45,4.86,0.07
164,PK,30.375321000000003,69.345116,Pakistan,0.82,88.96,6.51,0.02
165,PL,51.919438,19.145135999999997,Poland,0.46,75.51,6.3,0.12
166,PM,46.941936,-56.27111,Saint Pierre and Miquelon,0.0,82.5,1.53,0.0
167,PN,-24.703615,-127.43930800000001,Pitcairn Islands,,0.0,,
168,PR,18.220833,-66.590149,Puerto Rico,1.22,69.76,5.36,0.08
169,PS,31.952162,35.233154,Palestinian Territories,0.8,82.42,3.79,0.04
170,PT,39.399871999999995,-8.224454,Portugal,2.08,76.11,3.32,0.19
171,PW,7.51498,134.58252,Palau,0.74,69.76,9.73,0.0
172,PY,-23.442503,-58.44383199999999,Paraguay,0.39,96.93,0.63,
173,QA,25.354826,51.183884,Qatar,3.64,71.15,7.7,0.81
174,RE,-21.115141,55.536384,Réunion,0.44,68.92,2.78,0.16
175,RO,45.943160999999996,24.96676,Romania,0.44,94.38,0.52,0.03
176,RS,44.016521000000004,21.005859,Serbia,1.51,85.1,5.6,0.06
177,RU,61.52401,105.31875600000001,Russia,10.87,14.78,14.07,0.18
178,RW,-1.940278,29.873888,Rwanda,1.5,50.91,30.56,0.28
179,SA,23.885942,45.079162,Saudi Arabia,1.37,80.82,10.64,0.41
180,SB,-9.645710000000001,160.156194,Solomon Islands,0.08,78.6,4.86,0.0
181,SC,-4.679574,55.491977,Seychelles,0.81,55.07,5.49,0.1
182,SD,12.862807,30.217636,Sudan,0.32,71.32,7.99,0.62
183,SE,60.128161,18.643501,Sweden,3.71,77.15,5.98,0.16
184,SG,1.352083,103.819836,Singapore,4.21,54.38,12.84,0.91
185,SH,-24.143473999999998,-10.030696,Saint Helena,0.0,0.0,0.0,
186,SI,46.151241,14.995463,Slovenia,0.56,82.65,6.3,0.04
187,SK,48.669026,19.699023999999998,Slovakia,1.04,77.4,2.96,0.14
188,SL,8.460555000000001,-11.779889,Sierra Leone,0.73,73.24,8.73,0.27
189,SM,43.94236,12.457777,San Marino,1.83,59.48,9.15,0.08
190,SN,14.497401000000002,-14.452361999999999,Senegal,0.23,96.58,1.76,0.03
191,SO,5.152149,46.199616,Somalia,0.6,78.55,4.22,0.04
192,SR,3.9193050000000005,-56.02778299999999,Suriname,1.21,50.15,3.17,0.26
193,ST,0.18636,6.613081,São Tomé and Príncipe,0.31,87.26,0.82,0.0
194,SV,13.794185,-88.89653,El Salvador,1.55,64.96,7.18,0.07
195,SY,34.802075,38.996815000000005,Syria,0.87,75.14,8.83,0.08
196,SZ,-26.522503000000004,31.465866,Swaziland,1.54,55.08,12.79,0.15
197,TC,21.694025,-71.797928,Turks and Caicos Islands,1.7,60.96,13.44,0.25
198,TD,15.454166,18.732207,Chad,0.03,84.36,2.73,0.03
199,TG,8.619543,0.824782,Togo,0.3,81.3,3.42,0.1
200,TH,15.870032,100.992541,Thailand,0.2,68.49,14.11,0.29
201,TJ,38.861034000000004,71.276093,Tajikistan,5.7,61.45,4.42,0.24
202,TK,-8.967363,-171.855881,Tokelau,0.0,88.89,,
203,TL,-8.874217,125.727539,Timor-Leste,0.01,98.89,0.08,
204,TM,38.969719,59.556278000000006,Turkmenistan,2.7,5.41,13.51,0.0
205,TN,33.886917,9.537499,Tunisia,0.25,87.75,4.93,0.15
206,TO,-21.178986,-175.198242,Tonga,0.16,89.6,1.44,0.0
207,TR,38.963745,35.243322,Turkey,26.41,41.64,5.97,0.14
208,TT,10.691803,-61.222503,Trinidad and Tobago,1.46,58.23,4.73,0.08
209,TV,-7.109535,177.64933,Tuvalu,0.0,89.29,8.04,
210,TW,23.69781,120.96051499999999,Taiwan,1.72,75.54,6.12,0.15
211,TZ,-6.369028,34.888822,Tanzania,28.83,34.08,2.6,0.3
212,UA,48.379433,31.16558,Ukraine,7.24,64.75,4.6,0.28
213,UG,1.373333,32.290275,Uganda,0.94,47.2,19.89,0.37
214,UY,-32.522779,-55.765834999999996,Uruguay,7.18,78.23,3.06,0.04
215,UY,-32.522779,-55.765834999999996,Uruguay,7.18,78.23,3.06,0.04
216,UZ,41.377491,64.585262,Uzbekistan,4.92,34.37,6.27,0.2
217,VA,41.902916,12.453389,Vatican City,0.0,72.46,24.64,0.0
218,VC,12.984305,-61.287228000000006,Saint Vincent and the Grenadines,1.33,61.78,6.03,0.21
219,VE,6.42375,-66.58973,Venezuela,1.57,32.07,32.81,0.05
220,VG,18.420695000000002,-64.63996800000001,British Virgin Islands,0.33,70.96,3.43,0.21
221,VI,18.335765,-64.896335,U.S. Virgin Islands,0.75,56.94,10.26,0.39
222,VN,14.058323999999999,108.277199,Vietnam,0.4,44.18,5.42,0.22
223,VU,-15.376706,166.959158,Vanuatu,0.6,66.7,3.87,0.09
224,WF,-13.768752,-177.156097,Wallis and Futuna,0.0,80.0,2.22,0.0
225,WS,-13.759029,-172.10462900000002,Samoa,0.32,64.07,3.39,0.05
226,YE,15.552726999999999,48.516388,Yemen,0.46,62.38,7.73,0.01
227,YT,-12.8275,45.166244,Mayotte,0.43,65.68,3.33,0.0
228,ZA,-30.559482,22.937506,South Africa,1.07,38.76,12.64,0.26
229,ZM,-13.133897,27.849332,Zambia,1.19,59.09,15.13,0.09
230,ZW,-19.015438,29.154857,Zimbabwe,1.37,30.8,22.63,0.21
